Year,  Month,  Day,  Hour,  Hour,Time,U10 [m/s],Hs [m]
2020,3,1,0,1,1-3-2020 00:00,7.4,1.832473933
2020,3,1,1,2,1-3-2020 01:00,12.4,1.594841347
2020,3,1,2,3,1-3-2020 02:00,18.4,1.612008803
2020,3,1,3,4,1-3-2020 03:00,13.2,1.252529154
2020,3,1,4,5,1-3-2020 04:00,12.8,1.187945508
2020,3,1,5,6,1-3-2020 05:00,6.4,1.058710362
2020,3,1,6,7,1-3-2020 06:00,8.8,1.452741212
2020,3,1,7,8,1-3-2020 07:00,14.4,1.438656943
2020,3,1,8,9,1-3-2020 08:00,13.8,1.323436089
2020,3,1,9,10,1-3-2020 09:00,14.6,1.259151432
2020,3,1,10,11,1-3-2020 10:00,16,1.324551465
2020,3,1,11,12,1-3-2020 11:00,14.6,1.29574254
2020,3,1,12,13,1-3-2020 12:00,15.4,1.320314733
2020,3,1,13,14,1-3-2020 13:00,12.2,1.327634651
2020,3,1,14,15,1-3-2020 14:00,11.4,1.285320351
2020,3,1,15,16,1-3-2020 15:00,9.4,1.029462497
2020,3,1,16,17,1-3-2020 16:00,12.4,1.173424419
2020,3,1,17,18,1-3-2020 17:00,11.8,1.102318159
2020,3,1,18,19,1-3-2020 18:00,8.8,1.06659645
2020,3,1,19,20,1-3-2020 19:00,7.6,0.920586137
2020,3,1,20,21,1-3-2020 20:00,7.6,0.861893202
2020,3,1,21,22,1-3-2020 21:00,10.2,0.908893777
2020,3,1,22,23,1-3-2020 22:00,13.2,0.7826676
2020,3,1,23,24,1-3-2020 23:00,13.8,0.998673039
2020,3,2,0,1,2-3-2020 00:00,13,1.034821968
2020,3,2,1,2,2-3-2020 01:00,15.6,0.885004381
2020,3,2,2,3,2-3-2020 02:00,17,0.872196644
2020,3,2,3,4,2-3-2020 03:00,15.6,0.960095035
2020,3,2,4,5,2-3-2020 04:00,12.4,0.853267065
2020,3,2,5,6,2-3-2020 05:00,7.8,0.797146279
2020,3,2,6,7,2-3-2020 06:00,9.2,0.668572725
2020,3,2,7,8,2-3-2020 07:00,11.8,0.523086173
2020,3,2,8,9,2-3-2020 08:00,10.4,0.588384422
2020,3,2,9,10,2-3-2020 09:00,12.6,0.782251985
2020,3,2,10,11,2-3-2020 10:00,14.2,0.7879879
2020,3,2,11,12,2-3-2020 11:00,16,0.97446769
2020,3,2,12,13,2-3-2020 12:00,13.6,1.026767359
2020,3,2,13,14,2-3-2020 13:00,15.6,1.108662653
2020,3,2,14,15,2-3-2020 14:00,15.4,1.092869273
2020,3,2,15,16,2-3-2020 15:00,15.6,1.007545152
2020,3,2,16,17,2-3-2020 16:00,13.8,1.130512142
2020,3,2,17,18,2-3-2020 17:00,15.8,1.193789568
2020,3,2,18,19,2-3-2020 18:00,14.2,1.188891245
2020,3,2,19,20,2-3-2020 19:00,14.6,1.152696668
2020,3,2,20,21,2-3-2020 20:00,14.4,1.167614287
2020,3,2,21,22,2-3-2020 21:00,15,1.120609472
2020,3,2,22,23,2-3-2020 22:00,12.8,1.069635106
2020,3,2,23,24,2-3-2020 23:00,11.8,0.837768432
2020,3,3,0,1,3-3-2020 00:00,10,0.796251028
2020,3,3,1,2,3-3-2020 01:00,8.4,0.668801737
2020,3,3,2,3,3-3-2020 02:00,9.4,0.648794951
2020,3,3,3,4,3-3-2020 03:00,12,0.544632432
2020,3,3,4,5,3-3-2020 04:00,11.2,0.479213315
2020,3,3,5,6,3-3-2020 05:00,11.4,0.414886248
2020,3,3,6,7,3-3-2020 06:00,11.2,0.406311002
2020,3,3,7,8,3-3-2020 07:00,11,0.315831981
2020,3,3,8,9,3-3-2020 08:00,10,0.21890456
2020,3,3,9,10,3-3-2020 09:00,9,0.345550593
2020,3,3,10,11,3-3-2020 10:00,7.4,0.212945994
2020,3,3,11,12,3-3-2020 11:00,8.2,0.173869676
2020,3,3,12,13,3-3-2020 12:00,7.6,0.472400193
2020,3,3,13,14,3-3-2020 13:00,10.2,0.409194864
2020,3,3,14,15,3-3-2020 14:00,9,0.619116627
2020,3,3,15,16,3-3-2020 15:00,10.2,1.016323965
2020,3,3,16,17,3-3-2020 16:00,11.2,0.934490165
2020,3,3,17,18,3-3-2020 17:00,13.4,0.856526252
2020,3,3,18,19,3-3-2020 18:00,16.4,0.88242799
2020,3,3,19,20,3-3-2020 19:00,19,1.103908523
2020,3,3,20,21,3-3-2020 20:00,13.4,1.066645221
2020,3,3,21,22,3-3-2020 21:00,14.8,1.001387261
2020,3,3,22,23,3-3-2020 22:00,15,0.923923783
2020,3,3,23,24,3-3-2020 23:00,14.2,0.907271605
2020,3,4,0,1,4-3-2020 00:00,8.8,0.885082027
2020,3,4,1,2,4-3-2020 01:00,4.4,0.935503757
2020,3,4,2,3,4-3-2020 02:00,6.4,0.904875456
2020,3,4,3,4,4-3-2020 03:00,10,1.143911494
2020,3,4,4,5,4-3-2020 04:00,13,1.051545239
2020,3,4,5,6,4-3-2020 05:00,13.8,0.653158911
2020,3,4,6,7,4-3-2020 06:00,13,0.973982098
2020,3,4,7,8,4-3-2020 07:00,12,0.874817565
2020,3,4,8,9,4-3-2020 08:00,13,1.236298953
2020,3,4,9,10,4-3-2020 09:00,12.4,1.038978178
2020,3,4,10,11,4-3-2020 10:00,12.2,0.841657403
2020,3,4,11,12,4-3-2020 11:00,14.4,0.960268915
2020,3,4,12,13,4-3-2020 12:00,14.6,0.967400109
2020,3,4,13,14,4-3-2020 13:00,12.8,1.01660652
2020,3,4,14,15,4-3-2020 14:00,11.8,1.06581293
2020,3,4,15,16,4-3-2020 15:00,10.4,1.11501934
2020,3,4,16,17,4-3-2020 16:00,8.8,1.164225751
2020,3,4,17,18,4-3-2020 17:00,9.8,1.213432161
2020,3,4,18,19,4-3-2020 18:00,10,1.262638571
2020,3,4,19,20,4-3-2020 19:00,10,1.311844982
2020,3,4,20,21,4-3-2020 20:00,9.4,1.361051392
2020,3,4,21,22,4-3-2020 21:00,7.6,1.453500345
2020,3,4,22,23,4-3-2020 22:00,6.6,1.250209342
2020,3,4,23,24,4-3-2020 23:00,4.6,1.196976659
2020,3,5,0,1,5-3-2020 00:00,2.8,1.045491251
2020,3,5,1,2,5-3-2020 01:00,2,0.894005844
2020,3,5,2,3,5-3-2020 02:00,2.6,0.742520437
2020,3,5,3,4,5-3-2020 03:00,4.8,0.530543922
2020,3,5,4,5,5-3-2020 04:00,6,0.478778615
2020,3,5,5,6,5-3-2020 05:00,6.8,0.610354779
2020,3,5,6,7,5-3-2020 06:00,7.4,0.787559562
2020,3,5,7,8,5-3-2020 07:00,7,0.831169479
2020,3,5,8,9,5-3-2020 08:00,5.8,0.808855604
2020,3,5,9,10,5-3-2020 09:00,7,0.818944877
2020,3,5,10,11,5-3-2020 10:00,5.8,0.78332071
2020,3,5,11,12,5-3-2020 11:00,6,0.975795114
2020,3,5,12,13,5-3-2020 12:00,6.6,1.280496245
2020,3,5,13,14,5-3-2020 13:00,6.6,1.376993207
2020,3,5,14,15,5-3-2020 14:00,7,1.455631435
2020,3,5,15,16,5-3-2020 15:00,7.4,1.868763623
2020,3,5,16,17,5-3-2020 16:00,6.6,1.912445636
2020,3,5,17,18,5-3-2020 17:00,8,2.013853644
2020,3,5,18,19,5-3-2020 18:00,8,2.101105285
2020,3,5,19,20,5-3-2020 19:00,9,2.203774983
2020,3,5,20,21,5-3-2020 20:00,8.8,1.750641944
2020,3,5,21,22,5-3-2020 21:00,9.8,1.444791509
2020,3,5,22,23,5-3-2020 22:00,7.2,1.690388331
2020,3,5,23,24,5-3-2020 23:00,7.6,1.785218327
2020,3,6,0,1,6-3-2020 00:00,7.4,1.880048321
2020,3,6,1,2,6-3-2020 01:00,8.6,2.219463135
2020,3,6,2,3,6-3-2020 02:00,8,2.558877948
2020,3,6,3,4,6-3-2020 03:00,8.6,2.425958104
2020,3,6,4,5,6-3-2020 04:00,8,2.293038259
2020,3,6,5,6,6-3-2020 05:00,6.6,2.160118415
2020,3,6,6,7,6-3-2020 06:00,5.6,1.779425423
2020,3,6,7,8,6-3-2020 07:00,6.2,1.746341597
2020,3,6,8,9,6-3-2020 08:00,6.8,1.539903793
2020,3,6,9,10,6-3-2020 09:00,6.4,1.395645003
2020,3,6,10,11,6-3-2020 10:00,6.2,1.379586561
2020,3,6,11,12,6-3-2020 11:00,6.2,1.326476866
2020,3,6,12,13,6-3-2020 12:00,6,1.283810565
2020,3,6,13,14,6-3-2020 13:00,6.4,1.310967631
2020,3,6,14,15,6-3-2020 14:00,6,1.12164851
2020,3,6,15,16,6-3-2020 15:00,7,1.351420144
2020,3,6,16,17,6-3-2020 16:00,6.6,1.078335461
2020,3,6,17,18,6-3-2020 17:00,6.2,1.124235503
2020,3,6,18,19,6-3-2020 18:00,5.6,1.180341445
2020,3,6,19,20,6-3-2020 19:00,5.2,1.136186563
2020,3,6,20,21,6-3-2020 20:00,6,1.194752269
2020,3,6,21,22,6-3-2020 21:00,6.4,1.127076955
2020,3,6,22,23,6-3-2020 22:00,8.8,1.064435674
2020,3,6,23,24,6-3-2020 23:00,9,1.054019847
2020,3,7,0,1,7-3-2020 00:00,8.6,1.038203406
2020,3,7,1,2,7-3-2020 01:00,10.2,0.974889666
2020,3,7,2,3,7-3-2020 02:00,10.2,0.879149718
2020,3,7,3,4,7-3-2020 03:00,11.8,0.839341833
2020,3,7,4,5,7-3-2020 04:00,9.6,0.76220915
2020,3,7,5,6,7-3-2020 05:00,8.4,0.815291279
2020,3,7,6,7,7-3-2020 06:00,8.2,0.738425778
2020,3,7,7,8,7-3-2020 07:00,6.6,0.677589032
2020,3,7,8,9,7-3-2020 08:00,5.8,0.627751247
2020,3,7,9,10,7-3-2020 09:00,5.6,0.597330753
2020,3,7,10,11,7-3-2020 10:00,6.8,0.666191419
2020,3,7,11,12,7-3-2020 11:00,6.4,0.708618105
2020,3,7,12,13,7-3-2020 12:00,6.6,0.679164553
2020,3,7,13,14,7-3-2020 13:00,7.2,0.617507178
2020,3,7,14,15,7-3-2020 14:00,7.2,0.833538062
2020,3,7,15,16,7-3-2020 15:00,7.8,0.820026325
2020,3,7,16,17,7-3-2020 16:00,7.8,0.77328869
2020,3,7,17,18,7-3-2020 17:00,8.4,0.857713724
2020,3,7,18,19,7-3-2020 18:00,8.6,0.895032159
2020,3,7,19,20,7-3-2020 19:00,11,0.889803041
2020,3,7,20,21,7-3-2020 20:00,10.6,0.94594291
2020,3,7,21,22,7-3-2020 21:00,12.8,0.933474452
2020,3,7,22,23,7-3-2020 22:00,11.2,0.725936115
2020,3,7,23,24,7-3-2020 23:00,12,0.605886914
2020,3,8,0,1,8-3-2020 00:00,10,0.537366204
2020,3,8,1,2,8-3-2020 01:00,8.8,0.363844027
2020,3,8,2,3,8-3-2020 02:00,9,0.405884785
2020,3,8,3,4,8-3-2020 03:00,10,0.547603233
2020,3,8,4,5,8-3-2020 04:00,10.4,0.794580491
2020,3,8,5,6,8-3-2020 05:00,9.8,0.584987403
2020,3,8,6,7,8-3-2020 06:00,9.8,0.88417315
2020,3,8,7,8,8-3-2020 07:00,10.2,1.016455435
2020,3,8,8,9,8-3-2020 08:00,10,1.149142733
2020,3,8,9,10,8-3-2020 09:00,10.4,1.242399592
2020,3,8,10,11,8-3-2020 10:00,9.2,1.294351501
2020,3,8,11,12,8-3-2020 11:00,10.4,1.225514868
2020,3,8,12,13,8-3-2020 12:00,11.6,1.156678234
2020,3,8,13,14,8-3-2020 13:00,12.8,1.0878416
2020,3,8,14,15,8-3-2020 14:00,13.6,1.340919497
2020,3,8,15,16,8-3-2020 15:00,13,1.281431379
2020,3,8,16,17,8-3-2020 16:00,13.4,1.187657122
2020,3,8,17,18,8-3-2020 17:00,14,1.247927699
2020,3,8,18,19,8-3-2020 18:00,13.2,1.226205439
2020,3,8,19,20,8-3-2020 19:00,12.2,1.271861626
2020,3,8,20,21,8-3-2020 20:00,13.6,1.154051658
2020,3,8,21,22,8-3-2020 21:00,11.4,1.075837528
2020,3,8,22,23,8-3-2020 22:00,12.8,1.063689263
2020,3,8,23,24,8-3-2020 23:00,12.4,0.956755269
2020,3,9,0,1,9-3-2020 00:00,13.2,0.857406587
2020,3,9,1,2,9-3-2020 01:00,13,0.899173469
2020,3,9,2,3,9-3-2020 02:00,12.4,0.718821884
2020,3,9,3,4,9-3-2020 03:00,14.6,0.708934057
2020,3,9,4,5,9-3-2020 04:00,13.4,0.681600991
2020,3,9,5,6,9-3-2020 05:00,14.6,0.206707524
2020,3,9,6,7,9-3-2020 06:00,13.8,0.284283388
2020,3,9,7,8,9-3-2020 07:00,13.2,0.117445661
2020,3,9,8,9,9-3-2020 08:00,12.6,0.292561766
2020,3,9,9,10,9-3-2020 09:00,13,0.066566718
2020,3,9,10,11,9-3-2020 10:00,11.4,0.071795836
2020,3,9,11,12,9-3-2020 11:00,11.8,0.064944546
2020,3,9,12,13,9-3-2020 12:00,11,0.114591487
2020,3,9,13,14,9-3-2020 13:00,10.4,0.151623657
2020,3,9,14,15,9-3-2020 14:00,9.4,0.57786257
2020,3,9,15,16,9-3-2020 15:00,8,0.7191548
2020,3,9,16,17,9-3-2020 16:00,5.2,0.79762975
2020,3,9,17,18,9-3-2020 17:00,4.4,0.947049804
2020,3,9,18,19,9-3-2020 18:00,4.4,0.872077897
2020,3,9,19,20,9-3-2020 19:00,5.4,1.017539003
2020,3,9,20,21,9-3-2020 20:00,6.8,1.111359911
2020,3,9,21,22,9-3-2020 21:00,6,0.989317454
2020,3,9,22,23,9-3-2020 22:00,4.6,0.930469723
2020,3,9,23,24,9-3-2020 23:00,3.6,0.866522224
2020,3,10,0,1,10-3-2020 00:00,1.8,0.918330306
2020,3,10,1,2,10-3-2020 01:00,0.6,0.780430487
2020,3,10,2,3,10-3-2020 02:00,1.6,0.748837365
2020,3,10,3,4,10-3-2020 03:00,1.8,0.877196751
2020,3,10,4,5,10-3-2020 04:00,4,0.832168228
2020,3,10,5,6,10-3-2020 05:00,4.8,0.85965821
2020,3,10,6,7,10-3-2020 06:00,3.4,0.937649689
2020,3,10,7,8,10-3-2020 07:00,3.8,1.041000062
2020,3,10,8,9,10-3-2020 08:00,2.6,0.914788729
2020,3,10,9,10,10-3-2020 09:00,3,0.900081037
2020,3,10,10,11,10-3-2020 10:00,3.2,0.932318787
2020,3,10,11,12,10-3-2020 11:00,1.8,1.094143685
2020,3,10,12,13,10-3-2020 12:00,3.8,1.125679554
2020,3,10,13,14,10-3-2020 13:00,5.4,1.194434196
2020,3,10,14,15,10-3-2020 14:00,5.6,1.172851888
2020,3,10,15,16,10-3-2020 15:00,4.4,1.285825027
2020,3,10,16,17,10-3-2020 16:00,4.2,1.384062908
2020,3,10,17,18,10-3-2020 17:00,3.8,1.523058652
2020,3,10,18,19,10-3-2020 18:00,3.4,1.598518271
2020,3,10,19,20,10-3-2020 19:00,4.6,1.550911236
2020,3,10,20,21,10-3-2020 20:00,5.8,1.613673384
2020,3,10,21,22,10-3-2020 21:00,5,1.555497848
2020,3,10,22,23,10-3-2020 22:00,4.2,1.566229628
2020,3,10,23,24,10-3-2020 23:00,3.4,1.455190373
2020,3,11,0,1,11-3-2020 00:00,3.2,1.403937147
2020,3,11,1,2,11-3-2020 01:00,2.4,1.472737396
2020,3,11,2,3,11-3-2020 02:00,0.8,1.616188281
2020,3,11,3,4,11-3-2020 03:00,0.4,1.51280398
2020,3,11,4,5,11-3-2020 04:00,0.4,1.454496975
2020,3,11,5,6,11-3-2020 05:00,3.2,1.419731604
2020,3,11,6,7,11-3-2020 06:00,5,1.09652075
2020,3,11,7,8,11-3-2020 07:00,6.4,0.694105498
2020,3,11,8,9,11-3-2020 08:00,5.2,0.462667162
2020,3,11,9,10,11-3-2020 09:00,6.2,0.448983665
2020,3,11,10,11,11-3-2020 10:00,5.8,0.377207331
2020,3,11,11,12,11-3-2020 11:00,5,0.137075001
2020,3,11,12,13,11-3-2020 12:00,4,0.530202524
2020,3,11,13,14,11-3-2020 13:00,4,0.923330047
2020,3,11,14,15,11-3-2020 14:00,1.6,1.046023493
2020,3,11,15,16,11-3-2020 15:00,2.2,1.075869335
2020,3,11,16,17,11-3-2020 16:00,5,1.023338533
2020,3,11,17,18,11-3-2020 17:00,8,1.047889521
2020,3,11,18,19,11-3-2020 18:00,6.6,1.078961004
2020,3,11,19,20,11-3-2020 19:00,8,1.11222507
2020,3,11,20,21,11-3-2020 20:00,7.8,1.126964569
2020,3,11,21,22,11-3-2020 21:00,7.4,1.325174887
2020,3,11,22,23,11-3-2020 22:00,9.6,1.233465984
2020,3,11,23,24,11-3-2020 23:00,10.2,0.999902921
2020,3,12,0,1,12-3-2020 00:00,6.4,0.993775963
2020,3,12,1,2,12-3-2020 01:00,9.2,0.959427082
2020,3,12,2,3,12-3-2020 02:00,9,1.105280478
2020,3,12,3,4,12-3-2020 03:00,11.4,0.977686587
2020,3,12,4,5,12-3-2020 04:00,13,0.922496695
2020,3,12,5,6,12-3-2020 05:00,9.4,0.882186255
2020,3,12,6,7,12-3-2020 06:00,8.4,1.108590557
2020,3,12,7,8,12-3-2020 07:00,10.4,1.109576583
2020,3,12,8,9,12-3-2020 08:00,10.8,1.005206256
2020,3,12,9,10,12-3-2020 09:00,12.2,1.223813531
2020,3,12,10,11,12-3-2020 10:00,11.8,0.722386421
2020,3,12,11,12,12-3-2020 11:00,11.6,0.582186241
2020,3,12,12,13,12-3-2020 12:00,7.8,0.445817779
2020,3,12,13,14,12-3-2020 13:00,8.2,0.672050322
2020,3,12,14,15,12-3-2020 14:00,7,0.695331139
2020,3,12,15,16,12-3-2020 15:00,6.4,0.66288346
2020,3,12,16,17,12-3-2020 16:00,5.4,0.506819924
2020,3,12,17,18,12-3-2020 17:00,4.4,0.424877979
2020,3,12,18,19,12-3-2020 18:00,4.2,0.307752929
2020,3,12,19,20,12-3-2020 19:00,4.2,0.462940705
2020,3,12,20,21,12-3-2020 20:00,5.2,0.651422233
2020,3,12,21,22,12-3-2020 21:00,5.2,0.80748577
2020,3,12,22,23,12-3-2020 22:00,4,1.012222945
2020,3,12,23,24,12-3-2020 23:00,4.8,0.994258186
2020,3,13,0,1,13-3-2020 00:00,4.4,1.230505971
2020,3,13,1,2,13-3-2020 01:00,4.2,1.179720143
2020,3,13,2,3,13-3-2020 02:00,2.8,1.087659238
2020,3,13,3,4,13-3-2020 03:00,2.4,1.126905195
2020,3,13,4,5,13-3-2020 04:00,1.8,1.105795756
2020,3,13,5,6,13-3-2020 05:00,5.2,1.137859626
2020,3,13,6,7,13-3-2020 06:00,6.6,1.378498752
2020,3,13,7,8,13-3-2020 07:00,7.2,1.497670071
2020,3,13,8,9,13-3-2020 08:00,7.8,1.251375609
2020,3,13,9,10,13-3-2020 09:00,7,1.310585943
2020,3,13,10,11,13-3-2020 10:00,6.4,1.364151543
2020,3,13,11,12,13-3-2020 11:00,6,1.311135149
2020,3,13,12,13,13-3-2020 12:00,7,1.514125044
2020,3,13,13,14,13-3-2020 13:00,8.4,1.443190543
2020,3,13,14,15,13-3-2020 14:00,7.4,1.563133719
2020,3,13,15,16,13-3-2020 15:00,8,1.591537629
2020,3,13,16,17,13-3-2020 16:00,10,1.669560916
2020,3,13,17,18,13-3-2020 17:00,10.2,1.681660411
2020,3,13,18,19,13-3-2020 18:00,9.6,1.479542036
2020,3,13,19,20,13-3-2020 19:00,8.8,1.400399132
2020,3,13,20,21,13-3-2020 20:00,8.6,1.298285003
2020,3,13,21,22,13-3-2020 21:00,8.6,1.440616272
2020,3,13,22,23,13-3-2020 22:00,8,1.342289331
2020,3,13,23,24,13-3-2020 23:00,7.2,1.519595897
2020,3,14,0,1,14-3-2020 00:00,5,1.385875085
2020,3,14,1,2,14-3-2020 01:00,4.8,1.634439305
2020,3,14,2,3,14-3-2020 02:00,4.6,1.81814974
2020,3,14,3,4,14-3-2020 03:00,4,1.903808896
2020,3,14,4,5,14-3-2020 04:00,2.8,1.839246456
2020,3,14,5,6,14-3-2020 05:00,3.4,1.689336569
2020,3,14,6,7,14-3-2020 06:00,2.4,1.814773925
2020,3,14,7,8,14-3-2020 07:00,2.8,1.68702736
2020,3,14,8,9,14-3-2020 08:00,1.8,1.682411063
2020,3,14,9,10,14-3-2020 09:00,5.4,1.638175601
2020,3,14,10,11,14-3-2020 10:00,6.4,1.584849617
2020,3,14,11,12,14-3-2020 11:00,7.4,1.711423553
2020,3,14,12,13,14-3-2020 12:00,8,1.818279089
2020,3,14,13,14,14-3-2020 13:00,11.2,1.758712513
2020,3,14,14,15,14-3-2020 14:00,12.6,1.814216237
2020,3,14,15,16,14-3-2020 15:00,11,1.879983115
2020,3,14,16,17,14-3-2020 16:00,11.2,1.852811205
2020,3,14,17,18,14-3-2020 17:00,12,1.829237761
2020,3,14,18,19,14-3-2020 18:00,11.8,1.527038804
2020,3,14,19,20,14-3-2020 19:00,12.6,1.263697754
2020,3,14,20,21,14-3-2020 20:00,9.2,1.252079611
2020,3,14,21,22,14-3-2020 21:00,8.2,1.128917536
2020,3,14,22,23,14-3-2020 22:00,7.6,1.217405422
2020,3,14,23,24,14-3-2020 23:00,5.2,1.248970978
2020,3,15,0,1,15-3-2020 00:00,4.2,1.386132547
2020,3,15,1,2,15-3-2020 01:00,4.6,1.369768711
2020,3,15,2,3,15-3-2020 02:00,3.8,1.252683949
2020,3,15,3,4,15-3-2020 03:00,3.4,1.262989512
2020,3,15,4,5,15-3-2020 04:00,4.2,1.134000342
2020,3,15,5,6,15-3-2020 05:00,4.4,1.123158296
2020,3,15,6,7,15-3-2020 06:00,4.8,1.057450793
2020,3,15,7,8,15-3-2020 07:00,3.2,0.737340089
2020,3,15,8,9,15-3-2020 08:00,5.2,1.33312459
2020,3,15,9,10,15-3-2020 09:00,4,1.562802923
2020,3,15,10,11,15-3-2020 10:00,6.4,1.496283273
2020,3,15,11,12,15-3-2020 11:00,6.2,1.712206012
2020,3,15,12,13,15-3-2020 12:00,4.4,1.788759803
2020,3,15,13,14,15-3-2020 13:00,5,1.884041725
2020,3,15,14,15,15-3-2020 14:00,4.6,1.871991003
2020,3,15,15,16,15-3-2020 15:00,8,2.031525775
2020,3,15,16,17,15-3-2020 16:00,5.6,2.299769388
2020,3,15,17,18,15-3-2020 17:00,3.8,2.113843045
2020,3,15,18,19,15-3-2020 18:00,5.6,2.047310673
2020,3,15,19,20,15-3-2020 19:00,6,2.015064441
2020,3,15,20,21,15-3-2020 20:00,7.4,1.93113136
2020,3,15,21,22,15-3-2020 21:00,9.4,1.985241925
2020,3,15,22,23,15-3-2020 22:00,10,1.833391793
2020,3,15,23,24,15-3-2020 23:00,11,1.613198396
2020,3,16,0,1,16-3-2020 00:00,11.6,1.421414604
2020,3,16,1,2,16-3-2020 01:00,12.2,1.061458512
2020,3,16,2,3,16-3-2020 02:00,6.8,0.97525439
2020,3,16,3,4,16-3-2020 03:00,11.4,0.889050268
2020,3,16,4,5,16-3-2020 04:00,11.4,0.747454808
2020,3,16,5,6,16-3-2020 05:00,10.4,0.592532093
2020,3,16,6,7,16-3-2020 06:00,9.4,0.449976052
2020,3,16,7,8,16-3-2020 07:00,8.6,0.387525616
2020,3,16,8,9,16-3-2020 08:00,10.6,0.314080459
2020,3,16,9,10,16-3-2020 09:00,11.6,0.631286097
2020,3,16,10,11,16-3-2020 10:00,9.8,0.810210594
2020,3,16,11,12,16-3-2020 11:00,8.8,0.991690278
2020,3,16,12,13,16-3-2020 12:00,9.8,0.940105212
2020,3,16,13,14,16-3-2020 13:00,7.8,1.044433129
2020,3,16,14,15,16-3-2020 14:00,6.4,1.158044534
2020,3,16,15,16,16-3-2020 15:00,7,1.197093285
2020,3,16,16,17,16-3-2020 16:00,5.8,1.250754307
2020,3,16,17,18,16-3-2020 17:00,5.6,1.26389708
2020,3,16,18,19,16-3-2020 18:00,5.4,1.032221249
2020,3,16,19,20,16-3-2020 19:00,6,1.1389644
2020,3,16,20,21,16-3-2020 20:00,7.4,0.905076902
2020,3,16,21,22,16-3-2020 21:00,8,1.022477616
2020,3,16,22,23,16-3-2020 22:00,6.8,1.061534849
2020,3,16,23,24,16-3-2020 23:00,6.4,1.257684056
2020,3,17,0,1,17-3-2020 00:00,7.2,1.369534569
2020,3,17,1,2,17-3-2020 01:00,9,1.413847255
2020,3,17,2,3,17-3-2020 02:00,8.4,1.406470084
2020,3,17,3,4,17-3-2020 03:00,7.8,1.443421675
2020,3,17,4,5,17-3-2020 04:00,5.8,1.540346975
2020,3,17,5,6,17-3-2020 05:00,5.4,1.391414633
2020,3,17,6,7,17-3-2020 06:00,4,1.53356778
2020,3,17,7,8,17-3-2020 07:00,4.2,1.501566968
2020,3,17,8,9,17-3-2020 08:00,7.6,1.698471624
2020,3,17,9,10,17-3-2020 09:00,7.8,1.641979753
2020,3,17,10,11,17-3-2020 10:00,7.4,1.735050009
2020,3,17,11,12,17-3-2020 11:00,7.8,1.846441265
2020,3,17,12,13,17-3-2020 12:00,5.4,1.834072469
2020,3,17,13,14,17-3-2020 13:00,4,1.955491504
2020,3,17,14,15,17-3-2020 14:00,6.8,1.845082033
2020,3,17,15,16,17-3-2020 15:00,8,1.832526636
2020,3,17,16,17,17-3-2020 16:00,6.4,1.894610228
2020,3,17,17,18,17-3-2020 17:00,8.2,1.770988008
2020,3,17,18,19,17-3-2020 18:00,8.2,1.767877255
2020,3,17,19,20,17-3-2020 19:00,10.4,1.606368309
2020,3,17,20,21,17-3-2020 20:00,12.4,1.316599642
2020,3,17,21,22,17-3-2020 21:00,11.6,1.422299513
2020,3,17,22,23,17-3-2020 22:00,8.8,1.242310531
2020,3,17,23,24,17-3-2020 23:00,9.2,1.193312459
2020,3,18,0,1,18-3-2020 00:00,9,1.175717255
2020,3,18,1,2,18-3-2020 01:00,8.6,1.199275266
2020,3,18,2,3,18-3-2020 02:00,8.8,1.236248061
2020,3,18,3,4,18-3-2020 03:00,8.8,1.264359346
2020,3,18,4,5,18-3-2020 04:00,9.4,1.384073509
2020,3,18,5,6,18-3-2020 05:00,9,1.26442084
2020,3,18,6,7,18-3-2020 06:00,8.4,1.371390883
2020,3,18,7,8,18-3-2020 07:00,9.6,1.448599903
2020,3,18,8,9,18-3-2020 08:00,7.6,1.643618889
2020,3,18,9,10,18-3-2020 09:00,8.4,1.393123744
2020,3,18,10,11,18-3-2020 10:00,7,1.281774898
2020,3,18,11,12,18-3-2020 11:00,6.8,1.785579073
2020,3,18,12,13,18-3-2020 12:00,7.6,1.68257858
2020,3,18,13,14,18-3-2020 13:00,8.6,1.623478512
2020,3,18,14,15,18-3-2020 14:00,9.4,1.619623468
2020,3,18,15,16,18-3-2020 15:00,8.4,1.755497857
2020,3,18,16,17,18-3-2020 16:00,7.8,1.722761792
2020,3,18,17,18,18-3-2020 17:00,8.6,1.759552227
2020,3,18,18,19,18-3-2020 18:00,7.4,1.796196347
2020,3,18,19,20,18-3-2020 19:00,7.2,1.98443614
2020,3,18,20,21,18-3-2020 20:00,8.2,2.129714884
2020,3,18,21,22,18-3-2020 21:00,9,2.489993956
2020,3,18,22,23,18-3-2020 22:00,9,2.558693465
2020,3,18,23,24,18-3-2020 23:00,8,2.534982189
2020,3,19,0,1,19-3-2020 00:00,7.4,1.973826304
2020,3,19,1,2,19-3-2020 01:00,7.8,2.476776967
2020,3,19,2,3,19-3-2020 02:00,7.8,2.569425245
2020,3,19,3,4,19-3-2020 03:00,8.2,2.731347685
2020,3,19,4,5,19-3-2020 04:00,8,2.619483561
2020,3,19,5,6,19-3-2020 05:00,8.6,2.486817468
2020,3,19,6,7,19-3-2020 06:00,7,2.232766268
2020,3,19,7,8,19-3-2020 07:00,6.8,2.128938787
2020,3,19,8,9,19-3-2020 08:00,6.2,1.942505648
2020,3,19,9,10,19-3-2020 09:00,5.4,2.076155647
2020,3,19,10,11,19-3-2020 10:00,4.2,2.007110497
2020,3,19,11,12,19-3-2020 11:00,4.8,1.937380433
2020,3,19,12,13,19-3-2020 12:00,3.8,1.478407576
2020,3,19,13,14,19-3-2020 13:00,4.2,1.767366217
2020,3,19,14,15,19-3-2020 14:00,2.6,1.822850857
2020,3,19,15,16,19-3-2020 15:00,2.2,2.212036396
2020,3,19,16,17,19-3-2020 16:00,1.6,2.070004116
2020,3,19,17,18,19-3-2020 17:00,4,1.936634021
2020,3,19,18,19,19-3-2020 18:00,5.4,1.994885896
2020,3,19,19,20,19-3-2020 19:00,7.4,1.805176605
2020,3,19,20,21,19-3-2020 20:00,7.2,1.639337628
2020,3,19,21,22,19-3-2020 21:00,8.6,1.673140297
2020,3,19,22,23,19-3-2020 22:00,10.4,1.706942967
2020,3,19,23,24,19-3-2020 23:00,7.2,1.868074464
2020,3,20,0,1,20-3-2020 00:00,8.6,1.900223317
2020,3,20,1,2,20-3-2020 01:00,8.8,2.00825132
2020,3,20,2,3,20-3-2020 02:00,9.2,2.431546997
2020,3,20,3,4,20-3-2020 03:00,9.8,2.360828787
2020,3,20,4,5,20-3-2020 04:00,10.6,2.31543554
2020,3,20,5,6,20-3-2020 05:00,11.4,2.532255245
2020,3,20,6,7,20-3-2020 06:00,11.8,2.428998173
2020,3,20,7,8,20-3-2020 07:00,10.2,2.262622713
2020,3,20,8,9,20-3-2020 08:00,9.2,2.414167493
2020,3,20,9,10,20-3-2020 09:00,7.6,2.585356459
2020,3,20,10,11,20-3-2020 10:00,7.6,2.586768701
2020,3,20,11,12,20-3-2020 11:00,5.4,2.680364839
2020,3,20,12,13,20-3-2020 12:00,4.4,2.227159703
2020,3,20,13,14,20-3-2020 13:00,6,2.203554452
2020,3,20,14,15,20-3-2020 14:00,7,2.322604904
2020,3,20,15,16,20-3-2020 15:00,6.4,2.313840935
2020,3,20,16,17,20-3-2020 16:00,7,2.222592176
2020,3,20,17,18,20-3-2020 17:00,6.8,2.915738796
2020,3,20,18,19,20-3-2020 18:00,6.6,2.40974628
2020,3,20,19,20,20-3-2020 19:00,5,2.086217353
2020,3,20,20,21,20-3-2020 20:00,5,2.120974241
2020,3,20,21,22,20-3-2020 21:00,4.2,2.550856149
2020,3,20,22,23,20-3-2020 22:00,3.8,1.858171795
2020,3,20,23,24,20-3-2020 23:00,3.2,1.795278176
2020,3,21,0,1,21-3-2020 00:00,1.8,1.747118911
2020,3,21,1,2,21-3-2020 01:00,2.2,1.836913921
2020,3,21,2,3,21-3-2020 02:00,2.4,1.27283917
2020,3,21,3,4,21-3-2020 03:00,2.2,0.983534888
2020,3,21,4,5,21-3-2020 04:00,1.6,1.150160566
2020,3,21,5,6,21-3-2020 05:00,2.8,1.316786244
2020,3,21,6,7,21-3-2020 06:00,2,1.042102715
2020,3,21,7,8,21-3-2020 07:00,3.4,1.127287943
2020,3,21,8,9,21-3-2020 08:00,2.6,1.212473171
2020,3,21,9,10,21-3-2020 09:00,3.4,1.137017793
2020,3,21,10,11,21-3-2020 10:00,3.2,1.132168242
2020,3,21,11,12,21-3-2020 11:00,3.8,1.002695601
2020,3,21,12,13,21-3-2020 12:00,3.6,0.835978742
2020,3,21,13,14,21-3-2020 13:00,5,0.700231582
2020,3,21,14,15,21-3-2020 14:00,5,0.769732635
2020,3,21,15,16,21-3-2020 15:00,5.4,0.674124157
2020,3,21,16,17,21-3-2020 16:00,4.6,0.783585771
2020,3,21,17,18,21-3-2020 17:00,4.6,0.94489327
2020,3,21,18,19,21-3-2020 18:00,4.4,0.773538908
2020,3,21,19,20,21-3-2020 19:00,4.6,0.568975613
2020,3,21,20,21,21-3-2020 20:00,3.6,0.724494184
2020,3,21,21,22,21-3-2020 21:00,5.4,0.856884614
2020,3,21,22,23,21-3-2020 22:00,6.4,1.088486228
2020,3,21,23,24,21-3-2020 23:00,7.2,1.201086161
2020,3,22,0,1,22-3-2020 00:00,6,1.19166362
2020,3,22,1,2,22-3-2020 01:00,6.2,1.295267551
2020,3,22,2,3,22-3-2020 02:00,5.6,1.159221403
2020,3,22,3,4,22-3-2020 03:00,4.8,0.971774672
2020,3,22,4,5,22-3-2020 04:00,4.6,1.088687674
2020,3,22,5,6,22-3-2020 05:00,6.4,1.071197905
2020,3,22,6,7,22-3-2020 06:00,5.6,1.263326669
2020,3,22,7,8,22-3-2020 07:00,5.6,1.38019302
2020,3,22,8,9,22-3-2020 08:00,5,1.282196875
2020,3,22,9,10,22-3-2020 09:00,5.2,1.247526927
2020,3,22,10,11,22-3-2020 10:00,4,1.288002766
2020,3,22,11,12,22-3-2020 11:00,3.6,1.450499857
2020,3,22,12,13,22-3-2020 12:00,3.8,1.560054772
2020,3,22,13,14,22-3-2020 13:00,5.4,1.620916965
2020,3,22,14,15,22-3-2020 14:00,5.6,1.801845321
2020,3,22,15,16,22-3-2020 15:00,6,1.926061277
2020,3,22,16,17,22-3-2020 16:00,5.2,1.624829261
2020,3,22,17,18,22-3-2020 17:00,4.6,1.6389517
2020,3,22,18,19,22-3-2020 18:00,3.8,1.932624183
2020,3,22,19,20,22-3-2020 19:00,2.2,1.823408545
2020,3,22,20,21,22-3-2020 20:00,0.6,2.037354992
2020,3,22,21,22,22-3-2020 21:00,1.2,2.244002724
2020,3,22,22,23,22-3-2020 22:00,1.4,2.300174401
2020,3,22,23,24,22-3-2020 23:00,1.4,2.033854069
2020,3,23,0,1,23-3-2020 00:00,1.4,1.914657897
2020,3,23,1,2,23-3-2020 01:00,2.8,1.643336864
2020,3,23,2,3,23-3-2020 02:00,1,1.491431601
2020,3,23,3,4,23-3-2020 03:00,1,1.410556261
2020,3,23,4,5,23-3-2020 04:00,1.2,1.041725268
2020,3,23,5,6,23-3-2020 05:00,1.8,0.970873466
2020,3,23,6,7,23-3-2020 06:00,4,0.990988397
2020,3,23,7,8,23-3-2020 07:00,5.2,0.7527433
2020,3,23,8,9,23-3-2020 08:00,5,0.483681179
2020,3,23,9,10,23-3-2020 09:00,4.2,0.460699351
2020,3,23,10,11,23-3-2020 10:00,3.4,0.413641523
2020,3,23,11,12,23-3-2020 11:00,3.4,0.36132489
2020,3,23,12,13,23-3-2020 12:00,4.4,0.344206205
2020,3,23,13,14,23-3-2020 13:00,5.8,0.481861802
2020,3,23,14,15,23-3-2020 14:00,5.2,0.479902473
2020,3,23,15,16,23-3-2020 15:00,4.4,0.494580478
2020,3,23,16,17,23-3-2020 16:00,1.6,0.62968513
2020,3,23,17,18,23-3-2020 17:00,2.4,0.691291613
2020,3,23,18,19,23-3-2020 18:00,1.2,0.507324599
2020,3,23,19,20,23-3-2020 19:00,0.2,0.741074265
2020,3,23,20,21,23-3-2020 20:00,2.2,0.718686173
2020,3,23,21,22,23-3-2020 21:00,4.4,0.881868182
2020,3,23,22,23,23-3-2020 22:00,4.6,1.3965038
2020,3,23,23,24,23-3-2020 23:00,5,1.399281636
2020,3,24,0,1,24-3-2020 00:00,2.6,1.237305683
2020,3,24,1,2,24-3-2020 01:00,3.2,1.015208589
2020,3,24,2,3,24-3-2020 02:00,4.6,1.250188137
2020,3,24,3,4,24-3-2020 03:00,3,1.253918072
2020,3,24,4,5,24-3-2020 04:00,0.8,1.295386299
2020,3,24,5,6,24-3-2020 05:00,4,1.53138368
2020,3,24,6,7,24-3-2020 06:00,4.2,1.589711892
2020,3,24,7,8,24-3-2020 07:00,1.6,1.539961047
2020,3,24,8,9,24-3-2020 08:00,2.4,1.580292692
2020,3,24,9,10,24-3-2020 09:00,2.4,1.423754167
2020,3,24,10,11,24-3-2020 10:00,2,0.937407954
2020,3,24,11,12,24-3-2020 11:00,3,0.956100039
2020,3,24,12,13,24-3-2020 12:00,3.2,0.648464155
2020,3,24,13,14,24-3-2020 13:00,3.6,0.843097214
2020,3,24,14,15,24-3-2020 14:00,2.4,0.904080274
2020,3,24,15,16,24-3-2020 15:00,1.2,1.219672221
2020,3,24,16,17,24-3-2020 16:00,1.4,1.083282555
2020,3,24,17,18,24-3-2020 17:00,4.6,1.358865171
2020,3,24,18,19,24-3-2020 18:00,4.6,1.321383458
2020,3,24,19,20,24-3-2020 19:00,3.6,0.973360796
2020,3,24,20,21,24-3-2020 20:00,5.6,0.883721486
2020,3,24,21,22,24-3-2020 21:00,6.2,0.889166895
2020,3,24,22,23,24-3-2020 22:00,4,1.505585845
2020,3,24,23,24,24-3-2020 23:00,4,1.398147176
2020,3,25,0,1,25-3-2020 00:00,6.2,1.337940701
2020,3,25,1,2,25-3-2020 01:00,6.6,1.367809381
2020,3,25,2,3,25-3-2020 02:00,8,1.525425113
2020,3,25,3,4,25-3-2020 03:00,7,1.378121305
2020,3,25,4,5,25-3-2020 04:00,5.6,1.345703313
2020,3,25,5,6,25-3-2020 05:00,4.6,1.593009247
2020,3,25,6,7,25-3-2020 06:00,5.2,1.498236241
2020,3,25,7,8,25-3-2020 07:00,6.2,1.471473585
2020,3,25,8,9,25-3-2020 08:00,4.4,1.454598757
2020,3,25,9,10,25-3-2020 09:00,4.4,1.534144553
2020,3,25,10,11,25-3-2020 10:00,4.8,1.318694682
2020,3,25,11,12,25-3-2020 11:00,5.4,1.023641763
2020,3,25,12,13,25-3-2020 12:00,6.4,0.920089944
2020,3,25,13,14,25-3-2020 13:00,6.8,0.948960362
2020,3,25,14,15,25-3-2020 14:00,5.2,1.135045741
2020,3,25,15,16,25-3-2020 15:00,7,0.950255979
2020,3,25,16,17,25-3-2020 16:00,6.2,1.212954521
2020,3,25,17,18,25-3-2020 17:00,5.6,1.194813763
2020,3,25,18,19,25-3-2020 18:00,7.8,1.983134161
2020,3,25,19,20,25-3-2020 19:00,8.8,1.195239981
2020,3,25,20,21,25-3-2020 20:00,10.2,1.580532307
2020,3,25,21,22,25-3-2020 21:00,9,1.821970856
2020,3,25,22,23,25-3-2020 22:00,7.2,1.935647996
2020,3,25,23,24,25-3-2020 23:00,6.4,2.213696737
2020,3,26,0,1,26-3-2020 00:00,4.8,2.162835817
2020,3,26,1,2,26-3-2020 01:00,3.8,2.111974897
2020,3,26,2,3,26-3-2020 02:00,3.4,2.18422198
2020,3,26,3,4,26-3-2020 03:00,3.6,2.117874089
2020,3,26,4,5,26-3-2020 04:00,3.2,1.838561539
2020,3,26,5,6,26-3-2020 05:00,3,2.075771839
2020,3,26,6,7,26-3-2020 06:00,3.4,1.795672587
2020,3,26,7,8,26-3-2020 07:00,5,1.642425056
2020,3,26,8,9,26-3-2020 08:00,6,1.519470789
2020,3,26,9,10,26-3-2020 09:00,7.6,1.496934263
2020,3,26,10,11,26-3-2020 10:00,6.4,1.458023343
2020,3,26,11,12,26-3-2020 11:00,6.8,1.288375971
2020,3,26,12,13,26-3-2020 12:00,6.2,1.569649972
2020,3,26,13,14,26-3-2020 13:00,8.2,1.49142524
2020,3,26,14,15,26-3-2020 14:00,6.6,1.277851999
2020,3,26,15,16,26-3-2020 15:00,6.6,1.25447576
2020,3,26,16,17,26-3-2020 16:00,5.6,1.244045089
2020,3,26,17,18,26-3-2020 17:00,6.6,1.008310648
2020,3,26,18,19,26-3-2020 18:00,6.6,1.042503486
2020,3,26,19,20,26-3-2020 19:00,6.6,0.881179024
2020,3,26,20,21,26-3-2020 20:00,7.8,0.76015652
2020,3,26,21,22,26-3-2020 21:00,7.8,0.80539285
2020,3,26,22,23,26-3-2020 22:00,8,1.251691562
2020,3,26,23,24,26-3-2020 23:00,7.6,1.334490183
2020,3,27,0,1,27-3-2020 00:00,7.8,1.714927632
2020,3,27,1,2,27-3-2020 01:00,6.4,1.832995263
2020,3,27,2,3,27-3-2020 02:00,6.2,1.788887031
2020,3,27,3,4,27-3-2020 03:00,4.6,2.143525611
2020,3,27,4,5,27-3-2020 04:00,4.8,2.018883437
2020,3,27,5,6,27-3-2020 05:00,5.4,1.733887983
2020,3,27,6,7,27-3-2020 06:00,5.4,1.932952857
2020,3,27,7,8,27-3-2020 07:00,4.2,1.736265048
2020,3,27,8,9,27-3-2020 08:00,2.4,1.753837516
2020,3,27,9,10,27-3-2020 09:00,1.4,1.751755199
2020,3,27,10,11,27-3-2020 10:00,1.6,1.638930495
2020,3,27,11,12,27-3-2020 11:00,1.8,1.712859123
2020,3,27,12,13,27-3-2020 12:00,2.6,1.496609828
2020,3,27,13,14,27-3-2020 13:00,6,1.585017135
2020,3,27,14,15,27-3-2020 14:00,6.4,1.514328611
2020,3,27,15,16,27-3-2020 15:00,6.6,1.341470823
2020,3,27,16,17,27-3-2020 16:00,5.8,1.401385159
2020,3,27,17,18,27-3-2020 17:00,5.4,1.348197005
2020,3,27,18,19,27-3-2020 18:00,7.4,1.154077104
2020,3,27,19,20,27-3-2020 19:00,7,1.08548786
2020,3,27,20,21,27-3-2020 20:00,6.6,0.935234456
2020,3,27,21,22,27-3-2020 21:00,6.8,1.093138574
2020,3,27,22,23,27-3-2020 22:00,7.2,1.137592445
2020,3,27,23,24,27-3-2020 23:00,7.8,1.138010181
2020,3,28,0,1,28-3-2020 00:00,6,0.981125973
2020,3,28,1,2,28-3-2020 01:00,6.2,1.129394646
2020,3,28,2,3,28-3-2020 02:00,8,1.254439712
2020,3,28,3,4,28-3-2020 03:00,7.6,1.186878904
2020,3,28,4,5,28-3-2020 04:00,8.2,1.394932519
2020,3,28,5,6,28-3-2020 05:00,9,1.438315544
2020,3,28,6,7,28-3-2020 06:00,8.2,1.601983144
2020,3,28,7,8,28-3-2020 07:00,7.4,1.793278559
2020,3,28,8,9,28-3-2020 08:00,6.4,1.728705515
2020,3,28,9,10,28-3-2020 09:00,5,1.544299561
2020,3,28,10,11,28-3-2020 10:00,5,1.612736129
2020,3,28,11,12,28-3-2020 11:00,4.8,1.862397923
2020,3,28,12,13,28-3-2020 12:00,4.8,1.71555638
2020,3,28,13,14,28-3-2020 13:00,3.8,1.779554772
2020,3,28,14,15,28-3-2020 14:00,3.2,1.685154971
2020,3,28,15,16,28-3-2020 15:00,1.8,2.062115908
2020,3,28,16,17,28-3-2020 16:00,0.8,2.038239235
2020,3,28,17,18,28-3-2020 17:00,1,1.858294783
2020,3,28,18,19,28-3-2020 18:00,1.6,1.57526502
2020,3,28,19,20,28-3-2020 19:00,3,1.615407943
2020,3,28,20,21,28-3-2020 20:00,4.8,1.661685431
2020,3,28,21,22,28-3-2020 21:00,6,1.669066843
2020,3,28,22,23,28-3-2020 22:00,4.6,1.486391205
2020,3,28,23,24,28-3-2020 23:00,3.2,1.392239501
2020,3,29,0,1,29-3-2020 00:00,5,1.332574788
2020,3,29,1,2,29-3-2020 01:00,4.8,1.028588857
2020,3,29,2,3,29-3-2020 02:00,4.6,0.877924077
2020,3,29,3,4,29-3-2020 03:00,6.8,0.629914142
2020,3,29,4,5,29-3-2020 04:00,8.6,0.409803443
2020,3,29,5,6,29-3-2020 05:00,9.6,0.289222
2020,3,29,6,7,29-3-2020 06:00,9.4,0.194726778
2020,3,29,7,8,29-3-2020 07:00,9,0.250463755
2020,3,29,8,9,29-3-2020 08:00,8.6,0.188199921
2020,3,29,9,10,29-3-2020 09:00,8.2,0.109591381
2020,3,29,10,11,29-3-2020 10:00,9.6,0.180438942
2020,3,29,11,12,29-3-2020 11:00,8.4,0.419483462
2020,3,29,12,13,29-3-2020 12:00,8.4,0.722089553
2020,3,29,13,14,29-3-2020 13:00,8,0.570398459
2020,3,29,14,15,29-3-2020 14:00,8.2,0.641430502
2020,3,29,15,16,29-3-2020 15:00,8.6,0.882826641
2020,3,29,16,17,29-3-2020 16:00,6.8,1.064550181
2020,3,29,17,18,29-3-2020 17:00,6.6,0.741426266
2020,3,29,18,19,29-3-2020 18:00,7.2,0.680106049
2020,3,29,19,20,29-3-2020 19:00,5.8,1.102226978
2020,3,29,20,21,29-3-2020 20:00,4.4,1.325910696
2020,3,29,21,22,29-3-2020 21:00,5.2,1.302487807
2020,3,29,22,23,29-3-2020 22:00,4.6,1.311817945
2020,3,29,23,24,29-3-2020 23:00,3.8,1.319941528
2020,3,30,0,1,30-3-2020 00:00,4.2,2.03904062
2020,3,30,1,2,30-3-2020 01:00,5.6,2.036773979
2020,3,30,2,3,30-3-2020 02:00,7,1.79416068
2020,3,30,3,4,30-3-2020 03:00,6.8,1.643008189
2020,3,30,4,5,30-3-2020 04:00,6.6,1.553317988
2020,3,30,5,6,30-3-2020 05:00,6,1.291997762
2020,3,30,6,7,30-3-2020 06:00,7.2,1.268301329
2020,3,30,7,8,30-3-2020 07:00,7.8,1.238782042
2020,3,30,8,9,30-3-2020 08:00,8.2,1.213069028
2020,3,30,9,10,30-3-2020 09:00,7.6,1.134261161
2020,3,30,10,11,30-3-2020 10:00,8.8,1.029844184
2020,3,30,11,12,30-3-2020 11:00,8.2,1.126086687
2020,3,30,12,13,30-3-2020 12:00,6.8,1.343328369
2020,3,30,13,14,30-3-2020 13:00,5.6,1.692330696
2020,3,30,14,15,30-3-2020 14:00,5.2,1.993872303
2020,3,30,15,16,30-3-2020 15:00,3.2,1.830047787
2020,3,30,16,17,30-3-2020 16:00,1,1.470370933
2020,3,30,17,18,30-3-2020 17:00,1.8,1.423896239
2020,3,30,18,19,30-3-2020 18:00,2.2,1.519322355
2020,3,30,19,20,30-3-2020 19:00,3.4,1.970580884
2020,3,30,20,21,30-3-2020 20:00,2.2,2.200375843
2020,3,30,21,22,30-3-2020 21:00,2.2,2.234761645
2020,3,30,22,23,30-3-2020 22:00,0.8,2.183490412
2020,3,30,23,24,30-3-2020 23:00,2.4,2.179442404
2020,3,31,0,1,31-3-2020 00:00,3.6,2.290819567
2020,3,31,1,2,31-3-2020 01:00,4,2.260355913
2020,3,31,2,3,31-3-2020 02:00,3.4,2.310713217
2020,3,31,3,4,31-3-2020 03:00,3.2,2.040976781
2020,3,31,4,5,31-3-2020 04:00,1.4,2.150300564
2020,3,31,5,6,31-3-2020 05:00,1,2.271921044
2020,3,31,6,7,31-3-2020 06:00,0.8,2.331148343
2020,3,31,7,8,31-3-2020 07:00,2.2,2.413834577
2020,3,31,8,9,31-3-2020 08:00,2.2,2.468939651
2020,3,31,9,10,31-3-2020 09:00,3.2,2.611748028
2020,3,31,10,11,31-3-2020 10:00,2.8,2.754494912
2020,3,31,11,12,31-3-2020 11:00,2.4,2.744519085
2020,3,31,12,13,31-3-2020 12:00,2.8,2.734543259
2020,3,31,13,14,31-3-2020 13:00,2.4,2.724567431
2020,3,31,14,15,31-3-2020 14:00,1.8,2.714591604
2020,3,31,15,16,31-3-2020 15:00,2.2,2.583013321
2020,3,31,16,17,31-3-2020 16:00,3.2,2.243027301
2020,3,31,17,18,31-3-2020 17:00,4,2.164251241
2020,3,31,18,19,31-3-2020 18:00,4,2.128224183
2020,3,31,19,20,31-3-2020 19:00,3.8,1.968360735
2020,3,31,20,21,31-3-2020 20:00,3,1.918387239
2020,3,31,21,22,31-3-2020 21:00,2,1.709943453
2020,3,31,22,23,31-3-2020 22:00,4.8,1.721129019
2020,3,31,23,24,31-3-2020 23:00,7.8,1.691792093
